feature,importance
year,0.15098247412667068
duration_ms,0.10394155325951525
acousticness,0.0989740968237878
loudness,0.09455942789065602
speechiness,0.08670486818026216
tempo,0.08405780160403528
danceability,0.08088390980458336
energy,0.08051687755335565
valence,0.07944139799696538
liveness,0.07872005406269178
instrumentalness,0.0612175386974766
