feature,pre_mean,post_mean,mean_change_pct,pre_std,post_std,pre_median,post_median,t_statistic,t_pvalue,u_statistic,u_pvalue,cohens_d,effect_size,lev_pvalue,variance_changed,is_normal
acousticness,0.3614260975561198,0.28544917138477144,-21.021427806427617,0.31067625967926166,0.2910945665573793,0.295,0.176,68.54656453214707,0.0,14246850066.5,0.0,0.24991840459204967,Small,0.0,Yes,False
danceability,0.5752904691214148,0.6146923666371943,6.8490440274378575,0.15989488303923524,0.1582746488678677,0.589,0.627,-67.82637880218691,0.0,10712205539.0,0.0,-0.24729264447720758,Small,0.00012710149790949964,Yes,False
energy,0.5913774444634053,0.6561526278514588,10.95327256636041,0.23475506931515422,0.21636305016751883,0.603,0.685,-77.7433723324883,0.0,10453018411.0,0.0,-0.28344964381436455,Small,0.0,Yes,False
instrumentalness,0.06768852458156442,0.09277745262434772,37.06526061526313,0.2056646281528766,0.24918303519705845,1.12e-05,2.55e-06,-31.028165472383744,4.522715469500947e-211,13299938318.5,1.097519167279878e-232,-0.11312764615148793,Negligible,4.314583287565706e-211,Yes,False
liveness,0.2173195325434483,0.20408601099148768,-6.089430341156684,0.1919927665940688,0.17753434197483717,0.139,0.129,19.400525356557754,8.503811382337473e-84,12793230506.5,2.66224111535117e-34,0.07073364394762223,Negligible,3.747379001259197e-123,Yes,False
loudness,-9.645683916497868,-7.31839122934762,-24.127814132180642,4.498810073178448,3.840434662232344,-8.904,-6.554,-149.09622673105565,0.0,8076277285.5,0.0,-0.5435996454258304,Medium,0.0,Yes,False
speechiness,0.10152822312864768,0.09356229520986113,-7.846023177902777,0.18221185197829237,0.10196162655816006,0.0416,0.0512,13.744982677071892,5.609032141682345e-43,10413586887.0,0.0,0.05011371385308263,Negligible,1.589219175951036e-96,Yes,False
tempo,119.88926574914214,122.09353813214058,1.8385902768065054,29.579440659177454,28.6265130055867,118.556,123.69,-20.668332793052574,7.667395846326905e-95,11806261902.0,4.2524007040012196e-142,-0.07535602901440627,Negligible,1.8054522820995502e-60,Yes,False
valence,0.5678154034518161,0.5113214442624088,-9.9493530548791,0.25660111163882454,0.24796871393599004,0.583,0.507,61.09233174818581,0.0,14081261099.5,0.0,0.22274053566759242,Small,1.8879552096590428e-79,Yes,False
