feature,pre_mean,post_mean,mean_change_pct,pre_std,post_std,pre_median,post_median,t_statistic,t_pvalue,u_statistic,u_pvalue,cohens_d,effect_size,lev_pvalue,variance_changed,is_normal
acousticness,0.3614260975561198,0.28474640479331037,-21.21587048674678,0.31067625967926166,0.2882471748680169,0.295,0.185,69.83213913164408,0.0,14494367546.0,0.0,0.2530940343664952,Small,0.0,Yes,False
danceability,0.5752904691214148,0.6136905144899784,6.674896844233874,0.15989488303923524,0.15685060233840542,0.589,0.623,-66.70729057207879,0.0,10977722656.0,0.0,-0.2417685941126563,Small,3.172025471238606e-14,Yes,False
energy,0.5913774444634053,0.6549013858819523,10.741691624066986,0.23475506931515422,0.21442918699998653,0.603,0.679,-76.93886939877022,0.0,10694104977.0,0.0,-0.27885109696640875,Small,0.0,Yes,False
instrumentalness,0.06768852458156442,0.09101321985658965,34.45886199945023,0.2056646281528766,0.2471386025910975,1.12e-05,3.16e-06,-29.09995575378589,6.153041481745602e-186,13484233439.5,2.7845777764882956e-202,-0.10546758304304839,Negligible,5.898392059218674e-186,Yes,False
liveness,0.2173195325434483,0.2026646342397549,-6.743479581506772,0.1919927665940688,0.17613512590797284,0.139,0.13,21.67351124362399,4.306605275607905e-104,13038788731.5,1.5424559755593978e-36,0.0785517444514907,Negligible,4.5446931730031166e-166,Yes,False
loudness,-9.645683916497868,-7.35300285969616,-23.7689838963138,4.498810073178448,3.8063516548159786,-8.904,-6.619,-148.22030101015753,0.0,8323154517.0,0.0,-0.5371977947035809,Medium,0.0,Yes,False
speechiness,0.10152822312864768,0.09259869441252819,-8.795119663233713,0.18221185197829237,0.10123610334989636,0.0416,0.0503,15.544935584990379,1.7995631106402473e-54,10630612654.5,0.0,0.0563398053080692,Negligible,2.9446469628048035e-114,Yes,False
tempo,119.88926574914214,122.00313954636368,1.7631885423709581,29.579440659177454,28.346616705011915,118.556,122.728,-20.00754378584166,5.340545446920181e-89,12044121846.0,1.0168320012280756e-135,-0.07251374764345242,Negligible,1.8526531595476736e-107,Yes,False
valence,0.5678154034518161,0.5122420872632878,-9.78721532573644,0.25660111163882454,0.2455569892032561,0.583,0.515,60.66215426928421,0.0,14324770738.5,0.0,0.21985907854957604,Small,2.4218504865217737e-148,Yes,False
