,acousticness,danceability,energy,instrumentalness,liveness,loudness,speechiness,tempo,valence
acousticness,1.0,-0.018747721198530735,-0.6638072062515042,-0.02208459421473906,-0.08000734609357388,-0.47030391674955957,-0.216186181115502,-0.16242176843265438,-0.09810642026312824
danceability,-0.018747721198530735,1.0,0.004429964007811164,-0.22559826593806323,-0.133090161696385,0.10502696671706244,0.18648363292406778,-0.11646086477051752,0.5054045746871024
energy,-0.6638072062515042,0.004429964007811164,1.0,-0.052687006004359466,0.16405953231957332,0.7068891861008726,0.3075597020718523,0.19140545574608894,0.2657153083777473
instrumentalness,-0.02208459421473906,-0.22559826593806323,-0.052687006004359466,1.0,-0.04756845028592665,-0.3019434840334579,-0.14387694830182388,-0.02584391241345504,-0.16030317281896367
liveness,-0.08000734609357388,-0.133090161696385,0.16405953231957332,-0.04756845028592665,1.0,0.09645318539002756,0.09278794710359344,0.022293105230950294,-0.05116423369324794
loudness,-0.47030391674955957,0.10502696671706244,0.7068891861008726,-0.3019434840334579,0.09645318539002756,1.0,0.22346198505732415,0.13783936930048046,0.15543282596010602
speechiness,-0.216186181115502,0.18648363292406778,0.3075597020718523,-0.14387694830182388,0.09278794710359344,0.22346198505732415,1.0,0.07512006483456622,0.09736406823757524
tempo,-0.16242176843265438,-0.11646086477051752,0.19140545574608894,-0.02584391241345504,0.022293105230950294,0.13783936930048046,0.07512006483456622,1.0,0.08657711122301268
valence,-0.09810642026312824,0.5054045746871024,0.2657153083777473,-0.16030317281896367,-0.05116423369324794,0.15543282596010602,0.09736406823757524,0.08657711122301268,1.0
