feature,levene_statistic,p_value,variance_changing
acousticness,396.3233050924659,0.0,Yes (p < 0.05)
danceability,23.954003848381248,1.8321165954316943e-41,Yes (p < 0.05)
energy,268.386658728054,0.0,Yes (p < 0.05)
instrumentalness,169.83565820309795,7.4e-323,Yes (p < 0.05)
liveness,120.30352016683524,5.892195024807541e-227,Yes (p < 0.05)
loudness,710.9234967115771,0.0,Yes (p < 0.05)
speechiness,675.7484747876215,0.0,Yes (p < 0.05)
tempo,47.2268860690419,7.045721262814583e-86,Yes (p < 0.05)
valence,80.25323581604721,1.6474146043977617e-149,Yes (p < 0.05)
