k,inertia,silhouette
2,72934.83143692449,0.2630607601053852
3,64808.84276269012,0.26543339974975555
4,57362.84072470382,0.2402911752669275
5,51711.655812520505,0.2049778349763016
6,47540.56769919242,0.2043821808493837
7,43819.93074855447,0.18763561128369502
8,39943.54588680683,0.2005418439320975
