decade_label,cluster,track_count,share
1980s,0,1007,0.4640552995391705
1980s,1,1163,0.5359447004608295
1990s,0,826,0.38064516129032255
1990s,1,1344,0.6193548387096774
2000s,0,602,0.27741935483870966
2000s,1,1568,0.7225806451612903
2010s,0,505,0.23271889400921658
2010s,1,1665,0.7672811059907834
2020s,0,105,0.24249422632794457
2020s,1,328,0.7575057736720554
