cluster,acousticness,danceability,energy,instrumentalness,liveness,loudness,speechiness,tempo,valence,track_count
0,0.21023728792931515,0.6137893532776068,0.69398078897199,0.048318008354597444,0.1740771667399912,-7.630049787358851,0.06848102361050007,123.21637659480862,0.6237474849684704,6819
1,0.43866474149625934,0.5900486284289277,0.6110906483790524,0.035148341945137156,0.6204084788029924,-10.32200872817955,0.4551659600997506,110.37733665835411,0.5536566832917706,802
2,0.6792881811944091,0.4898160948750529,0.3246891675561203,0.1389444403134265,0.16095408725116478,-13.248981363828886,0.0483559085133418,113.47052350698857,0.36040983481575606,2361
