,acousticness,danceability,energy,instrumentalness,liveness,loudness,speechiness,tempo,valence
acousticness,1.0,-0.18074403814186363,-0.6703102541583518,0.03570144762643323,-0.0159249810834454,-0.4836073213774327,0.07749543400713278,-0.15881327950980936,-0.18846710397973565
danceability,-0.18074403814186363,1.0,0.1675543332473636,-0.18512208180659456,-0.13364884925560985,0.20287332477557274,0.1578949345152505,-0.10977282569017933,0.500753623197163
energy,-0.6703102541583518,0.1675543332473636,1.0,-0.07391905470351011,0.13970810156951863,0.7329894268410739,-0.012949475836954348,0.19413207571685248,0.357576047397573
instrumentalness,0.03570144762643323,-0.18512208180659456,-0.07391905470351011,1.0,-0.013615405205578327,-0.27532662444876316,-0.08475421810184511,-0.011862819832784328,-0.19811199460430604
liveness,-0.0159249810834454,-0.13364884925560985,0.13970810156951863,-0.013615405205578327,1.0,0.025988405480690625,0.21230433206374466,-0.014395887296443134,-0.01520207991805479
loudness,-0.4836073213774327,0.20287332477557274,0.7329894268410739,-0.27532662444876316,0.025988405480690625,1.0,-0.10118516107046134,0.15387370958318233,0.23007755552443823
speechiness,0.07749543400713278,0.1578949345152505,-0.012949475836954348,-0.08475421810184511,0.21230433206374466,-0.10118516107046134,1.0,-0.09359011432886752,0.05234956496172697
tempo,-0.15881327950980936,-0.10977282569017933,0.19413207571685248,-0.011862819832784328,-0.014395887296443134,0.15387370958318233,-0.09359011432886752,1.0,0.08836380540829268
valence,-0.18846710397973565,0.500753623197163,0.357576047397573,-0.19811199460430604,-0.01520207991805479,0.23007755552443823,0.05234956496172697,0.08836380540829268,1.0
