,acousticness,danceability,energy,instrumentalness,liveness,loudness,speechiness,tempo,valence
acousticness,1.0,-0.18032648105352228,-0.6699265207415754,0.03629659166015093,-0.015071072315472977,-0.48344624291374244,0.07815746646708584,-0.15861477086295397,-0.18845480996523703
danceability,-0.18032648105352228,1.0,0.16759757302867348,-0.18461047031244657,-0.13309951426064429,0.2027432798399733,0.15823977014953797,-0.1097131969220586,0.5007272257653969
energy,-0.6699265207415754,0.16759757302867348,1.0,-0.07354604077674193,0.13997363453242476,0.733126243781699,-0.012685603659533634,0.19425728736885817,0.3575216667786875
instrumentalness,0.03629659166015093,-0.18461047031244657,-0.07354604077674193,1.0,-0.012546506479004389,-0.2748862896434169,-0.08387296123466668,-0.011597749920725587,-0.19813608130229962
liveness,-0.015071072315472977,-0.13309951426064429,0.13997363453242476,-0.012546506479004389,1.0,0.026196293466883472,0.21316591495862958,-0.014018182397726429,-0.01525916369381266
loudness,-0.48344624291374244,0.2027432798399733,0.733126243781699,-0.2748862896434169,0.026196293466883472,1.0,-0.10103025816390222,0.15394882726971298,0.23010038420551554
speechiness,0.07815746646708584,0.15823977014953797,-0.012685603659533634,-0.08387296123466668,0.21316591495862958,-0.10103025816390222,1.0,-0.0933422956445078,0.05227910056236556
tempo,-0.15861477086295397,-0.1097131969220586,0.19425728736885817,-0.011597749920725587,-0.014018182397726429,0.15394882726971298,-0.0933422956445078,1.0,0.08838921435590362
valence,-0.18845480996523703,0.5007272257653969,0.3575216667786875,-0.19813608130229962,-0.01525916369381266,0.23010038420551554,0.05227910056236556,0.08838921435590362,1.0
