,acousticness,danceability,energy,instrumentalness,liveness,loudness,speechiness,tempo,valence
acousticness,1.0,-0.09167255273636646,-0.6467128040782737,-0.12510129358602706,-0.01853195967298964,-0.44399184474342496,-0.11620626397734224,-0.17791368659720666,-0.12866205304697137
danceability,-0.09167255273636646,1.0,0.11354774099516624,-0.1430475654083786,-0.14718772815019426,0.11950335571305601,0.2225547102636185,-0.1088949784966808,0.48757686277498685
energy,-0.6467128040782737,0.11354774099516624,1.0,0.013156301096882162,0.11883067187621235,0.7151241537172528,0.2678843682618388,0.19660313040983018,0.3314500259285002
instrumentalness,-0.12510129358602706,-0.1430475654083786,0.013156301096882162,1.0,-0.0626267882302876,-0.2057917663573576,-0.1299196248017775,0.03564572513707163,-0.14035969082993888
liveness,-0.01853195967298964,-0.14718772815019426,0.11883067187621235,-0.0626267882302876,1.0,0.03966022290636256,0.10676763931547732,-0.004860633708445759,-0.035000589206603684
loudness,-0.44399184474342496,0.11950335571305601,0.7151241537172528,-0.2057917663573576,0.03966022290636256,1.0,0.10940441480611489,0.13871604109412777,0.1786793788877778
speechiness,-0.11620626397734224,0.2225547102636185,0.2678843682618388,-0.1299196248017775,0.10676763931547732,0.10940441480611489,1.0,0.039222020697665005,0.17413143702970688
tempo,-0.17791368659720666,-0.1088949784966808,0.19660313040983018,0.03564572513707163,-0.004860633708445759,0.13871604109412777,0.039222020697665005,1.0,0.0742256906088716
valence,-0.12866205304697137,0.48757686277498685,0.3314500259285002,-0.14035969082993888,-0.035000589206603684,0.1786793788877778,0.17413143702970688,0.0742256906088716,1.0
